x0,y0,z0,x1,y1,z1,x2,y2,z2,x3,y3,z3,x4,y4,z4,x5,y5,z5,x6,y6,z6,x7,y7,z7,x8,y8,z8,x9,y9,z9,x10,y10,z10,x11,y11,z11,x12,y12,z12,x13,y13,z13,x14,y14,z14,x15,y15,z15,x16,y16,z16,x17,y17,z17,x18,y18,z18,x19,y19,z19,x20,y20,z20,x21,y21,z21,x22,y22,z22,x23,y23,z23,x24,y24,z24,x25,y25,z25,x26,y26,z26,x27,y27,z27,x28,y28,z28,x29,y29,z29,x30,y30,z30,x31,y31,z31,x32,y32,z32,label
0.4901901185512543,0.12822730839252472,-0.4839123785495758,0.5022141933441162,0.09810608625411987,-0.45396193861961365,0.5078831911087036,0.0993460938334465,-0.4540763795375824,0.5129503011703491,0.10072042793035507,-0.4541129469871521,0.48156672716140747,0.09499161690473557,-0.46064406633377075,0.474529504776001,0.0945800244808197,-0.46069201827049255,0.46881991624832153,0.09426029771566391,-0.46086421608924866,0.5207451581954956,0.11831203103065491,-0.26900967955589294,0.4598318934440613,0.10841552168130875,-0.3024057447910309,0.5001010298728943,0.16688121855258942,-0.414867639541626,0.4764769971370697,0.1641203910112381,-0.4242993891239166,0.5659722089767456,0.3287627398967743,-0.13687308132648468,0.40591996908187866,0.31294435262680054,-0.22007882595062256,0.5820664763450623,0.5742536783218384,-0.049098365008831024,0.3843008875846863,0.5681108832359314,-0.2027776539325714,0.5842821002006531,0.7931378483772278,-0.2284267693758011,0.38229167461395264,0.7961415648460388,-0.37478262186050415,0.5852320194244385,0.8667609095573425,-0.2886791527271271,0.3816962242126465,0.870173990726471,-0.4333924353122711,0.5699976086616516,0.8656338453292847,-0.3373955190181732,0.3985915184020996,0.8679245710372925,-0.4856113791465759,0.5655567049980164,0.8426367044448853,-0.25104838609695435,0.4043716788291931,0.8428922295570374,-0.3975299894809723,0.5317974090576172,0.7711641192436218,0.025736037641763687,0.4308062493801117,0.7776985764503479,-0.02545764110982418,0.5387358069419861,1.1098496913909912,-0.012639601714909077,0.4448961317539215,1.1098681688308716,-0.03747854009270668,0.5464920401573181,1.361240267753601,0.4338943362236023,0.4592461585998535,1.3765060901641846,0.31960782408714294,0.5452345609664917,1.3932660818099976,0.4701002538204193,0.45889830589294434,1.4078693389892578,0.3485059440135956,0.5479784607887268,1.4673964977264404,0.30519554018974304,0.4745609164237976,1.4789371490478516,0.15356172621250153,cabeca_erguida
0.49142903089523315,0.12611451745033264,-0.5209051966667175,0.502723753452301,0.09396231174468994,-0.4918893873691559,0.5085996985435486,0.09498109668493271,-0.4919818937778473,0.5150805115699768,0.09623906761407852,-0.4920010566711426,0.48276329040527344,0.09081604331731796,-0.5005658864974976,0.47502297163009644,0.0902424082159996,-0.5006303191184998,0.46825551986694336,0.08989723771810532,-0.5007973909378052,0.522248387336731,0.11142617464065552,-0.30649933218955994,0.45758017897605896,0.10207857191562653,-0.3496231734752655,0.5005240440368652,0.16311971843242645,-0.45079469680786133,0.4771323800086975,0.16150404512882233,-0.4629155695438385,0.5663914680480957,0.32203471660614014,-0.1669366955757141,0.4053911566734314,0.30926939845085144,-0.2572471499443054,0.5828982591629028,0.5661899447441101,-0.06474454700946808,0.38501131534576416,0.5693134069442749,-0.22768418490886688,0.5832949876785278,0.7980435490608215,-0.22435657680034637,0.38192662596702576,0.7958787679672241,-0.38713178038597107,0.5855547189712524,0.8730100989341736,-0.28075653314590454,0.3794945776462555,0.8725044131278992,-0.4423048496246338,0.5705873370170593,0.873538613319397,-0.32933178544044495,0.39575904607772827,0.870671272277832,-0.49512067437171936,0.566109299659729,0.848972737789154,-0.24607665836811066,0.4016568064689636,0.8449976444244385,-0.40926843881607056,0.5357024073600769,0.770258903503418,0.022798815742135048,0.43167299032211304,0.776692807674408,-0.022578317672014236,0.5372965335845947,1.109798550605774,-0.01629599556326866,0.43775978684425354,1.0651249885559082,-0.030137058347463608,0.5429385900497437,1.3575702905654907,0.42764338850975037,0.45555177330970764,1.3720284700393677,0.33799663186073303,0.5410564541816711,1.3883167505264282,0.46374601125717163,0.45534810423851013,1.4029552936553955,0.3691948354244232,0.5443217158317566,1.4665684700012207,0.3022649884223938,0.47113385796546936,1.4748955965042114,0.17375433444976807,cabeca_erguida
0.49229320883750916,0.0935705155134201,-0.44878506660461426,0.5024338960647583,0.07602164149284363,-0.41739773750305176,0.5080628991127014,0.07911742478609085,-0.4174860417842865,0.5135141611099243,0.08238594233989716,-0.4175582826137543,0.4855383336544037,0.07234152406454086,-0.41955694556236267,0.4795054793357849,0.07343689352273941,-0.4196491241455078,0.4730932116508484,0.07537547498941422,-0.4198110103607178,0.5188498497009277,0.1068924069404602,-0.2498141974210739,0.46322551369667053,0.10073109716176987,-0.26654452085494995,0.5017167329788208,0.13032636046409607,-0.38946157693862915,0.4798150956630707,0.12609931826591492,-0.3936508595943451,0.5666815042495728,0.32887235283851624,-0.16107824444770813,0.4050840735435486,0.31830886006355286,-0.19619478285312653,0.582763671875,0.5796386003494263,-0.0996580719947815,0.3861559331417084,0.5723599195480347,-0.17092278599739075,0.5833696126937866,0.8052623271942139,-0.27584025263786316,0.38022273778915405,0.7996822595596313,-0.31795796751976013,0.5885093808174133,0.8798043131828308,-0.3344385325908661,0.3770701289176941,0.8731924295425415,-0.37321192026138306,0.5726866126060486,0.880199670791626,-0.379155695438385,0.3929080367088318,0.8716586828231812,-0.41653090715408325,0.5679894089698792,0.8544881343841553,-0.2964303493499756,0.3986437916755676,0.8469434976577759,-0.33799296617507935,0.5352939367294312,0.7714471817016602,0.023698553442955017,0.4311280846595764,0.7778894901275635,-0.0236031636595726,0.5385345220565796,1.1151667833328247,-0.014876646921038628,0.43940019607543945,1.0797916650772095,-0.04777879640460014,0.546852707862854,1.3542506694793701,0.4903389811515808,0.45489996671676636,1.3698843717575073,0.3521347641944885,0.5458658933639526,1.3838930130004883,0.5336939692497253,0.4574916362762451,1.3976837396621704,0.386559396982193,0.5481018424034119,1.4659912586212158,0.38310354948043823,0.4679872989654541,1.4737473726272583,0.19060689210891724,cabeca_erguida
0.5185670256614685,0.2999878525733948,-0.9647547006607056,0.5357640981674194,0.2487884759902954,-0.9387319684028625,0.5466412305831909,0.24990935623645782,-0.938742995262146,0.5551244616508484,0.2517894506454468,-0.9388684034347534,0.5043154954910278,0.24588219821453094,-0.945750892162323,0.4924735426902771,0.24429021775722504,-0.9459994435310364,0.48295116424560547,0.24395866692066193,-0.9463418126106262,0.5698202848434448,0.26802119612693787,-0.6715811491012573,0.46577954292297363,0.2582609951496124,-0.6986235976219177,0.5335443019866943,0.34846770763397217,-0.8558233380317688,0.49898871779441833,0.34393027424812317,-0.8638828992843628,0.6328929662704468,0.5161116123199463,-0.4407581388950348,0.3799857497215271,0.5104825496673584,-0.46947526931762695,0.6359232664108276,0.8475646376609802,-0.28975948691368103,0.3473847210407257,0.8428276777267456,-0.33174604177474976,0.6117722392082214,1.099238395690918,-0.4679034650325775,0.37533268332481384,1.1105786561965942,-0.5159589648246765,0.6200132369995117,1.199756145477295,-0.5202616453170776,0.3699379563331604,1.1882177591323853,-0.5756024718284607,0.6013738512992859,1.1927529573440552,-0.5844888687133789,0.38937801122665405,1.185214877128601,-0.6292270421981812,0.5892415046691895,1.15616774559021,-0.4970932602882385,0.3943944573402405,1.1433900594711304,-0.5390629172325134,0.5703750848770142,1.066860318183899,-0.014395765960216522,0.42194217443466187,1.0250623226165771,0.015372884459793568,0.561867892742157,1.5444742441177368,0.09580623358488083,0.41625308990478516,1.5244494676589966,0.07719353586435318,0.553856372833252,1.9461991786956787,0.5413492321968079,0.4121878743171692,1.9403001070022583,0.39749258756637573,0.55375075340271,2.0041756629943848,0.5702292323112488,0.41184860467910767,2.0007667541503906,0.41735243797302246,0.5310227274894714,2.0890378952026367,0.25848376750946045,0.42035165429115295,2.0773959159851074,0.07084884494543076,cabeca_erguida
0.5234750509262085,0.23974090814590454,-0.8706387281417847,0.5394854545593262,0.19825740158557892,-0.8342784643173218,0.5492356419563293,0.20143231749534607,-0.8342615962028503,0.5583310723304749,0.20595614612102509,-0.8341464996337891,0.509670078754425,0.1973632574081421,-0.8437480926513672,0.4982730746269226,0.20023341476917267,-0.8438197374343872,0.48896804451942444,0.2038709819316864,-0.8441547155380249,0.5709502100944519,0.23983925580978394,-0.5646533370018005,0.47310924530029297,0.23334449529647827,-0.605235755443573,0.5409750938415527,0.2943059206008911,-0.7680937647819519,0.5009710788726807,0.28777214884757996,-0.7796984314918518,0.6345117092132568,0.521938681602478,-0.3795669376850128,0.38035961985588074,0.5228803157806396,-0.4121062755584717,0.6428285837173462,0.8443378210067749,-0.2856348156929016,0.3498041331768036,0.87107914686203,-0.28753286600112915,0.627477765083313,1.0524598360061646,-0.5476003885269165,0.36731213331222534,1.142831802368164,-0.485785573720932,0.6343573331832886,1.1687358617782593,-0.6182880401611328,0.36587172746658325,1.2087552547454834,-0.5496147274971008,0.6165968179702759,1.1538844108581543,-0.6773566007614136,0.38392868638038635,1.2203129529953003,-0.6043107509613037,0.6043013334274292,1.1098425388336182,-0.5791448354721069,0.38490137457847595,1.1506379842758179,-0.5110926628112793,0.5823428630828857,1.0884809494018555,-0.011089456267654896,0.42077627778053284,1.0492255687713623,0.012627395801246166,0.5742965936660767,1.5632044076919556,0.07898756116628647,0.41984453797340393,1.5612053871154785,0.046328358352184296,0.5654274225234985,1.9743008613586426,0.5095010995864868,0.4148485064506531,1.9804431200027466,0.37064388394355774,0.5658737421035767,2.0344483852386475,0.5344947576522827,0.4130624234676361,2.041666269302368,0.3899887204170227,0.5440604090690613,2.117396593093872,0.20284688472747803,0.4271909296512604,2.1154770851135254,0.009876678697764874,cabeca_erguida
0.4979449212551117,0.15615025162696838,-0.4138631820678711,0.5080560445785522,0.1294250339269638,-0.38300153613090515,0.5137285590171814,0.13108886778354645,-0.38315272331237793,0.5199418663978577,0.13283370435237885,-0.38322150707244873,0.4902268052101135,0.12615042924880981,-0.38913947343826294,0.48360127210617065,0.1259920597076416,-0.3891589641571045,0.47684597969055176,0.12642832100391388,-0.38927212357521057,0.5271483659744263,0.15141910314559937,-0.20438730716705322,0.46821102499961853,0.1436976194381714,-0.23255567252635956,0.5069401860237122,0.1910548359155655,-0.34790313243865967,0.48493465781211853,0.1894359439611435,-0.3559284508228302,0.572903573513031,0.3455442786216736,-0.09698836505413055,0.4193485379219055,0.3349178433418274,-0.16266469657421112,0.5859842896461487,0.5816656947135925,-0.03778135031461716,0.40455493330955505,0.5771518349647522,-0.14578011631965637,0.5853815674781799,0.7874199151992798,-0.22693189978599548,0.3974081873893738,0.7872288227081299,-0.31878387928009033,0.5883093476295471,0.8631495833396912,-0.2883201837539673,0.3919443190097809,0.8575297594070435,-0.3782910704612732,0.5741563439369202,0.8609452843666077,-0.33833861351013184,0.4055492877960205,0.8553469181060791,-0.42850908637046814,0.5692406296730042,0.8398493528366089,-0.2508995234966278,0.411844402551651,0.8363978862762451,-0.3422107696533203,0.5421529412269592,0.7738487124443054,0.020845357328653336,0.4457850456237793,0.7807255387306213,-0.0205429308116436,0.5424867868423462,1.1007086038589478,-0.018795080482959747,0.4465915560722351,1.0428467988967896,-0.04109816998243332,0.5459094643592834,1.3404242992401123,0.4211390018463135,0.4616490304470062,1.3488812446594238,0.31034207344055176,0.5444320440292358,1.3695509433746338,0.4570581912994385,0.4615604877471924,1.3779597282409668,0.33875060081481934,0.5450564622879028,1.4414139986038208,0.29997462034225464,0.477714866399765,1.4441192150115967,0.14958032965660095,cabeca_erguida
0.48945847153663635,0.3424220085144043,-0.5562223196029663,0.4998401701450348,0.3173756003379822,-0.5238613486289978,0.5062180757522583,0.32009589672088623,-0.5239812731742859,0.5111821889877319,0.3233324885368347,-0.5240151286125183,0.48202162981033325,0.31298720836639404,-0.5328795909881592,0.47463685274124146,0.312532901763916,-0.5330376625061035,0.46751660108566284,0.31239375472068787,-0.5332993865013123,0.5177004337310791,0.3480221927165985,-0.3191746175289154,0.4547569751739502,0.3331030607223511,-0.36099791526794434,0.49632972478866577,0.3809185028076172,-0.47984471917152405,0.4742555618286133,0.37734755873680115,-0.4919675886631012,0.5676573514938354,0.5732799172401428,-0.1816168576478958,0.39625048637390137,0.5574513673782349,-0.23875677585601807,0.5804072618484497,0.8286978006362915,-0.09581498056650162,0.3816828429698944,0.8173716068267822,-0.18947921693325043,0.5902144908905029,1.027305006980896,-0.26132261753082275,0.37077733874320984,1.0151350498199463,-0.3644763231277466,0.6008082032203674,1.1073530912399292,-0.30303719639778137,0.3647882342338562,1.0840964317321777,-0.4165274202823639,0.5903571248054504,1.1076984405517578,-0.35999009013175964,0.3752806782722473,1.0823270082473755,-0.46759843826293945,0.5756418704986572,1.0691426992416382,-0.28912490606307983,0.38233229517936707,1.049269437789917,-0.3893511891365051,0.532531201839447,1.0019057989120483,-0.008220743387937546,0.4277147352695465,0.9943916201591492,0.00884786993265152,0.5199546813964844,1.3589564561843872,-0.08833335340023041,0.41290608048439026,1.348759651184082,-0.029444551095366478,0.525675892829895,1.690152645111084,0.15632334351539612,0.4192044138908386,1.689869999885559,0.11254812777042389,0.5264050960540771,1.7354596853256226,0.166746124625206,0.4188902974128723,1.7416720390319824,0.11470581591129303,0.5150409936904907,1.789965271949768,-0.0704471543431282,0.4273533225059509,1.7750236988067627,-0.13624000549316406,cabeca_erguida
0.4890074133872986,0.1529761403799057,-0.43663105368614197,0.5014675259590149,0.11956129223108292,-0.40746229887008667,0.5070149898529053,0.12046538293361664,-0.40758436918258667,0.5121228098869324,0.12138743698596954,-0.40770021080970764,0.48052239418029785,0.11690874397754669,-0.41129136085510254,0.4737091660499573,0.11632764339447021,-0.41135573387145996,0.4684116244316101,0.11589354276657104,-0.411510169506073,0.5213909149169922,0.1367562860250473,-0.2365785837173462,0.4602965712547302,0.12679407000541687,-0.2553725838661194,0.49967455863952637,0.19238251447677612,-0.37216416001319885,0.4764055609703064,0.19046609103679657,-0.37764355540275574,0.5683456659317017,0.3400956094264984,-0.1251527965068817,0.4093288481235504,0.33305245637893677,-0.19043247401714325,0.5838935971260071,0.5907891988754272,-0.04453303664922714,0.39122915267944336,0.5855410099029541,-0.17428208887577057,0.5830471515655518,0.806920051574707,-0.20403912663459778,0.3904895484447479,0.8059718608856201,-0.3263523280620575,0.5901479125022888,0.8747757077217102,-0.26183897256851196,0.38467127084732056,0.8762967586517334,-0.3842349648475647,0.5759270191192627,0.8744481205940247,-0.30494874715805054,0.4003280699253082,0.8753409385681152,-0.42713475227355957,0.5702177882194519,0.8516950011253357,-0.2243398129940033,0.40804749727249146,0.8510184288024902,-0.346096009016037,0.5373736023902893,0.7919508814811707,0.02438763529062271,0.4376749098300934,0.7996141910552979,-0.02398214489221573,0.5595520734786987,1.1104121208190918,-0.02291232906281948,0.4423256814479828,1.1289054155349731,0.020981865003705025,0.5696284770965576,1.3412538766860962,0.49225887656211853,0.4494285583496094,1.3666319847106934,0.43104997277259827,0.567996621131897,1.372377634048462,0.5389298796653748,0.44901570677757263,1.399507761001587,0.46815451979637146,0.5728512406349182,1.4548826217651367,0.3928687274456024,0.46946483850479126,1.47296941280365,0.2790561616420746,cabeca_erguida
0.5067461729049683,0.23481051623821259,-0.4923248887062073,0.5189639329910278,0.20813967287540436,-0.46008795499801636,0.5246945023536682,0.210646390914917,-0.4601867198944092,0.5297664403915405,0.21347878873348236,-0.4601554870605469,0.5011442303657532,0.2020501047372818,-0.4679694175720215,0.49412932991981506,0.2005307972431183,-0.4680294394493103,0.48744234442710876,0.1993703693151474,-0.4681831896305084,0.5377534031867981,0.2351820021867752,-0.26491183042526245,0.4752066135406494,0.21613749861717224,-0.30330854654312134,0.5131126642227173,0.27190765738487244,-0.4198552966117859,0.4915340542793274,0.26746004819869995,-0.4308517873287201,0.5773569941520691,0.44784578680992126,-0.14759089052677155,0.41263025999069214,0.424080491065979,-0.19952622056007385,0.5918883681297302,0.7023460865020752,-0.07186919450759888,0.3863511383533478,0.6813858151435852,-0.16820034384727478,0.5924504995346069,0.9271808862686157,-0.2575230598449707,0.3678326904773712,0.9118350744247437,-0.35464566946029663,0.5972444415092468,0.9946741461753845,-0.3139537274837494,0.3610970973968506,0.9810917973518372,-0.4103640913963318,0.5794557929039001,0.9972062110900879,-0.3681628406047821,0.37112754583358765,0.985243558883667,-0.4646828770637512,0.5760375261306763,0.9737584590911865,-0.2828024923801422,0.3763936161994934,0.9616600871086121,-0.3791787624359131,0.5363922715187073,0.9137954115867615,0.010241900570690632,0.42724308371543884,0.9051023125648499,-0.0097323227673769,0.5277023315429688,1.2759430408477783,-0.05876927822828293,0.42888641357421875,1.2661395072937012,-0.07754382491111755,0.5299826860427856,1.5768404006958008,0.3095877468585968,0.4338938295841217,1.584116816520691,0.16792812943458557,0.5291532278060913,1.6156604290008545,0.33365941047668457,0.4337009787559509,1.6262010335922241,0.18462714552879333,0.5240938663482666,1.6830320358276367,0.1353592574596405,0.44445711374282837,1.6869755983352661,-0.06733033806085587,cabeca_erguida
0.4839114546775818,0.21988166868686676,-0.4126330316066742,0.4985889792442322,0.1966114491224289,-0.37909725308418274,0.505405068397522,0.19869589805603027,-0.3792637586593628,0.5119916200637817,0.20150087773799896,-0.3792264759540558,0.4811674952507019,0.19430892169475555,-0.3809807598590851,0.4769251346588135,0.19438908994197845,-0.38109657168388367,0.4728831350803375,0.1947493851184845,-0.3813028037548065,0.5258916020393372,0.23029662668704987,-0.20115253329277039,0.47416743636131287,0.21735797822475433,-0.2095445841550827,0.49673396348953247,0.25825363397598267,-0.34942591190338135,0.4760019779205322,0.25358498096466064,-0.35198715329170227,0.5751022100448608,0.4460316002368927,-0.10590901225805283,0.41557836532592773,0.42906442284584045,-0.1402716487646103,0.5883126854896545,0.7100478410720825,-0.06365932524204254,0.39458417892456055,0.6838423013687134,-0.12242011725902557,0.5823627710342407,0.9365266561508179,-0.2569679617881775,0.375575453042984,0.910236120223999,-0.31003421545028687,0.5893276333808899,0.9951945543289185,-0.3149629831314087,0.3672603368759155,0.9750387668609619,-0.36561644077301025,0.5736138820648193,0.9989226460456848,-0.36307770013809204,0.3797421157360077,0.9778720140457153,-0.4245736598968506,0.5695464015007019,0.9765584468841553,-0.28029581904411316,0.3863685727119446,0.9564997553825378,-0.3380323052406311,0.5336846113204956,0.9038025736808777,0.006686975248157978,0.42980971932411194,0.897552490234375,-0.006464029662311077,0.5185961127281189,1.2566800117492676,-0.06318755447864532,0.4243718981742859,1.2447696924209595,-0.06268852204084396,0.5235945582389832,1.5435847043991089,0.3045426905155182,0.43330055475234985,1.548823356628418,0.18717214465141296,0.523659348487854,1.580632209777832,0.33045387268066406,0.4341665804386139,1.5879899263381958,0.2032587081193924,0.5189186334609985,1.6426126956939697,0.1342872530221939,0.4453447461128235,1.647254228591919,-0.029318582266569138,cabeca_erguida
0.5324198603630066,0.22756190598011017,-0.42895612120628357,0.5319808721542358,0.2038172036409378,-0.3920918107032776,0.5343369245529175,0.20445749163627625,-0.39225509762763977,0.5365412831306458,0.20558887720108032,-0.3922465741634369,0.5194162130355835,0.2029348760843277,-0.41224026679992676,0.5123160481452942,0.2028702348470688,-0.4123285710811615,0.5046648383140564,0.2033347636461258,-0.4125211834907532,0.5263055562973022,0.2259265035390854,-0.19321580231189728,0.4823240339756012,0.22288303077220917,-0.2850138545036316,0.532525360584259,0.2585260272026062,-0.3562629520893097,0.5179335474967957,0.25952407717704773,-0.3825795650482178,0.5711809992790222,0.44455116987228394,-0.06950096040964127,0.4131881594657898,0.42679375410079956,-0.22115948796272278,0.58502596616745,0.6895802617073059,-0.0032580778934061527,0.3938286006450653,0.6782057285308838,-0.22081217169761658,0.5846983790397644,0.9192862510681152,-0.21986623108386993,0.3830436170101166,0.9045896530151367,-0.38904374837875366,0.5915507674217224,0.9838384985923767,-0.28144440054893494,0.37612488865852356,0.973358154296875,-0.4481063485145569,0.5777952671051025,0.9872490763664246,-0.33409494161605835,0.38961419463157654,0.9751261472702026,-0.5011154413223267,0.5736807584762573,0.9649859070777893,-0.24706821143627167,0.3959811329841614,0.9539419412612915,-0.4124235212802887,0.5388667583465576,0.8986342549324036,0.0328076109290123,0.4369751811027527,0.897847056388855,-0.032375652343034744,0.5300729274749756,1.2476848363876343,-0.0006221780786290765,0.43682408332824707,1.2465589046478271,-0.0399438813328743,0.5405727624893188,1.5222727060317993,0.37827110290527344,0.4494865834712982,1.537703275680542,0.234795480966568,0.5396079421043396,1.5600554943084717,0.4056228697299957,0.44738084077835083,1.5769716501235962,0.25224143266677856,0.5446392297744751,1.6211528778076172,0.21957850456237793,0.4712551236152649,1.6368043422698975,0.020832406356930733,cabeca_erguida
0.4947683811187744,0.3386813998222351,-0.6058209538459778,0.5034956336021423,0.3070622384548187,-0.588683009147644,0.5090000033378601,0.3050520718097687,-0.5887757539749146,0.5145083665847778,0.30291157960891724,-0.5888457894325256,0.48824581503868103,0.30441203713417053,-0.5946646928787231,0.4828273355960846,0.30127111077308655,-0.5947608947753906,0.47710028290748596,0.2981990575790405,-0.594918966293335,0.5214386582374573,0.29492250084877014,-0.40875163674354553,0.46715956926345825,0.29069048166275024,-0.4357837736606598,0.5014241933822632,0.36246517300605774,-0.5311607718467712,0.4827953279018402,0.35823142528533936,-0.5391461253166199,0.5679581761360168,0.4422544240951538,-0.24978026747703552,0.4139676094055176,0.4355219006538391,-0.28666502237319946,0.5822886228561401,0.6892447471618652,-0.15437881648540497,0.39654767513275146,0.6848759651184082,-0.23318752646446228,0.5790039300918579,0.90212082862854,-0.33098891377449036,0.3959043622016907,0.8937488794326782,-0.40679579973220825,0.5831009149551392,0.9621082544326782,-0.3912314474582672,0.393020361661911,0.9569191932678223,-0.4594234824180603,0.5652767419815063,0.9634963274002075,-0.4398978650569916,0.4069698750972748,0.9567610025405884,-0.5158003568649292,0.560917317867279,0.94361811876297,-0.3528216779232025,0.41212207078933716,0.9368880391120911,-0.43067026138305664,0.5441817045211792,0.8809874653816223,0.0035929158329963684,0.44723716378211975,0.8838533759117126,-0.0031051128171384335,0.5396769046783447,1.2048754692077637,-0.0397220104932785,0.44784918427467346,1.189766526222229,-0.003483263310045004,0.547209620475769,1.4594982862472534,0.3296643793582916,0.46043819189071655,1.4580985307693481,0.26131150126457214,0.5459413528442383,1.4934667348861694,0.3547033369541168,0.46083325147628784,1.4935106039047241,0.28105995059013367,0.5451045036315918,1.557356595993042,0.17127256095409393,0.4777123034000397,1.5532821416854858,0.08021168410778046,cabeca_baixa
0.4379938244819641,0.3635618984699249,-0.47349634766578674,0.4367944300174713,0.3291168212890625,-0.4892285466194153,0.44112667441368103,0.32224687933921814,-0.4893471300601959,0.44578424096107483,0.31501707434654236,-0.48957210779190063,0.42836809158325195,0.33902737498283386,-0.4472779631614685,0.4266798496246338,0.3393626809120178,-0.44720011949539185,0.4252784252166748,0.33948883414268494,-0.447329580783844,0.4660209119319916,0.29503700137138367,-0.44165748357772827,0.441915899515152,0.323304146528244,-0.2442663609981537,0.45857471227645874,0.3708987832069397,-0.4457504153251648,0.4491092264652252,0.3808516263961792,-0.3891341984272003,0.561879575252533,0.41897082328796387,-0.448777437210083,0.45928364992141724,0.443311870098114,-0.014073645696043968,0.5828233957290649,0.7024774551391602,-0.4723850190639496,0.4713887572288513,0.6693398952484131,0.10405929386615753,0.5373931527137756,0.9326225519180298,-0.5225996971130371,0.44783544540405273,0.8628568053245544,-0.03342508524656296,0.5343602895736694,0.999477207660675,-0.5924032926559448,0.43800121545791626,0.9155116677284241,-0.04338902607560158,0.5121569037437439,0.9968510270118713,-0.6017597913742065,0.4370431900024414,0.919224739074707,-0.11612820625305176,0.5119274258613586,0.9704497456550598,-0.5247704386711121,0.44257134199142456,0.9037654399871826,-0.06651236116886139,0.5412237644195557,0.9135350584983826,-0.1317753791809082,0.47297000885009766,0.8988627791404724,0.13258978724479675,0.5254517793655396,1.227221131324768,-0.15905889868736267,0.44921746850013733,1.203494906425476,0.1820584237575531,0.5272178649902344,1.5081337690353394,0.1184120923280716,0.46195587515830994,1.486001968383789,0.36416706442832947,0.5397971868515015,1.548179268836975,0.1347864270210266,0.47091585397720337,1.5304208993911743,0.3781350255012512,0.4929201602935791,1.58927583694458,-0.03589402884244919,0.4358372092247009,1.568293571472168,0.22135360538959503,cabeca_baixa
0.5067464113235474,0.553947389125824,-1.0700312852859497,0.5271691083908081,0.4940984547138214,-1.0929309129714966,0.5376623272895813,0.48985719680786133,-1.09263014793396,0.5477993488311768,0.4838031232357025,-1.0929343700408936,0.49612289667129517,0.48526471853256226,-1.0944360494613647,0.4843319356441498,0.477525919675827,-1.0946632623672485,0.4735543727874756,0.46958816051483154,-1.0947816371917725,0.5606969594955444,0.4518014192581177,-0.9443413615226746,0.4516885280609131,0.4368124306201935,-0.9461629986763,0.5154436230659485,0.5837516784667969,-0.9880485534667969,0.4845794141292572,0.5765467882156372,-0.9891212582588196,0.6206644773483276,0.5819461345672607,-0.6824949979782104,0.35885685682296753,0.560910701751709,-0.6617558002471924,0.6306318044662476,0.874297559261322,-0.46691077947616577,0.3373834490776062,0.8741203546524048,-0.45156365633010864,0.6223054528236389,1.1329580545425415,-0.4888330101966858,0.3464086651802063,1.1353968381881714,-0.5154857039451599,0.6290742754936218,1.2058576345443726,-0.5108050107955933,0.33692342042922974,1.2128872871398926,-0.5453972220420837,0.6170126795768738,1.201056957244873,-0.5580204129219055,0.34914034605026245,1.2020983695983887,-0.5904706120491028,0.6054183840751648,1.1661795377731323,-0.5056865811347961,0.3599908947944641,1.1656923294067383,-0.5325931310653687,0.5561789274215698,0.974048376083374,-0.010678248479962349,0.42289695143699646,0.9738036394119263,0.01101652905344963,0.5435414910316467,1.4716525077819824,0.16688574850559235,0.40624985098838806,1.4560514688491821,0.15498241782188416,0.5296157002449036,1.832171082496643,0.6373958587646484,0.4018130898475647,1.8304728269577026,0.4954078793525696,0.5251702666282654,1.8820126056671143,0.6748143434524536,0.4047987461090088,1.8803244829177856,0.5200933218002319,0.5111010074615479,1.979754090309143,0.4425552785396576,0.409175306558609,1.973529577255249,0.24169011414051056,cabeca_baixa
0.5355318784713745,0.5850972533226013,-1.0742403268814087,0.5508100390434265,0.5357039570808411,-1.0941975116729736,0.559813916683197,0.5279813408851624,-1.0937172174453735,0.5678523182868958,0.5189136266708374,-1.0937970876693726,0.521955668926239,0.5332211256027222,-1.1018941402435303,0.5098108053207397,0.5247843265533447,-1.1020151376724243,0.4971539378166199,0.5142699480056763,-1.102115273475647,0.5728988647460938,0.47229769825935364,-0.9440573453903198,0.465923011302948,0.47599273920059204,-0.9804617762565613,0.5452304482460022,0.5977352261543274,-0.9939407110214233,0.5137356519699097,0.597564160823822,-1.0038963556289673,0.6226818561553955,0.5832041501998901,-0.7042897343635559,0.3609432578086853,0.5747261047363281,-0.714615523815155,0.6291583776473999,0.8870112895965576,-0.5054230093955994,0.34330159425735474,0.8893400430679321,-0.5308557152748108,0.6342001557350159,1.1472772359848022,-0.5277095437049866,0.3567924499511719,1.1655337810516357,-0.5918636322021484,0.6441634893417358,1.2198818922042847,-0.5476518869400024,0.35247936844825745,1.2452762126922607,-0.6166563034057617,0.6356408596038818,1.2200706005096436,-0.592595636844635,0.3644348978996277,1.2320688962936401,-0.664840579032898,0.6236077547073364,1.187384843826294,-0.5429085493087769,0.3730468451976776,1.1974067687988281,-0.6100174188613892,0.551864504814148,0.9740377068519592,-0.016461437568068504,0.41823816299438477,0.9715999960899353,0.01725202053785324,0.5435572862625122,1.4871047735214233,0.12221018224954605,0.41322407126426697,1.4870212078094482,0.14576935768127441,0.5295406579971313,1.856426477432251,0.6538804769515991,0.4092901349067688,1.8640369176864624,0.5274435877799988,0.5237919688224792,1.9031339883804321,0.6939701437950134,0.4095456600189209,1.9122976064682007,0.5560871958732605,0.5143747925758362,2.0052905082702637,0.45495715737342834,0.4186232089996338,2.003556728363037,0.25890371203422546,cabeca_baixa
0.5603455305099487,0.3709454834461212,-0.08090978115797043,0.5677648782730103,0.34470134973526,-0.06480968743562698,0.5677767395973206,0.3449074327945709,-0.06477019190788269,0.5673492550849915,0.3450431525707245,-0.06469853222370148,0.5637425184249878,0.33578649163246155,-0.11509422957897186,0.5612972974777222,0.32981711626052856,-0.11508454382419586,0.5584874153137207,0.3238387107849121,-0.11522553116083145,0.5495878458023071,0.325988233089447,0.035279370844364166,0.5392565727233887,0.3020443916320801,-0.193155899643898,0.5457934141159058,0.3843427002429962,-0.03845745325088501,0.540504515171051,0.3745591342449188,-0.10483404248952866,0.5047810673713684,0.44845643639564514,0.14842405915260315,0.4358164668083191,0.3919602334499359,-0.26839330792427063,0.4872322678565979,0.6931871771812439,0.19932489097118378,0.4053969383239746,0.6775830984115601,-0.33356189727783203,0.5139991044998169,0.891596794128418,0.09377048164606094,0.4496529996395111,0.9330255389213562,-0.3673122227191925,0.5252013802528381,0.9447978734970093,0.06778113543987274,0.45250600576400757,1.0071943998336792,-0.40060386061668396,0.5322809815406799,0.9487049579620361,0.02609964832663536,0.47710901498794556,1.0089290142059326,-0.40831559896469116,0.5247544646263123,0.9303937554359436,0.07004697620868683,0.479203462600708,0.9825142025947571,-0.3663586974143982,0.5105335116386414,0.9245634078979492,0.11388687789440155,0.4654732346534729,0.9187382459640503,-0.1131194457411766,0.5325971841812134,1.279994010925293,0.12791450321674347,0.4616740345954895,1.296825647354126,-0.09301334619522095,0.5392367839813232,1.5931637287139893,0.2734752595424652,0.4611307680606842,1.6376538276672363,-0.0337916724383831,0.5299110412597656,1.640135645866394,0.2778525948524475,0.44514480233192444,1.6932891607284546,-0.035074975341558456,0.5730380415916443,1.702762484550476,0.17355985939502716,0.506096363067627,1.7336585521697998,-0.1981567144393921,cabeca_baixa
0.5157953500747681,0.32443004846572876,-0.6324203610420227,0.5227012038230896,0.28692394495010376,-0.6165902614593506,0.5266203880310059,0.2844083309173584,-0.6167243719100952,0.5307063460350037,0.2819838523864746,-0.6168485879898071,0.5117963552474976,0.2866691052913666,-0.6209173798561096,0.5079680681228638,0.284254252910614,-0.6209923624992371,0.5040634870529175,0.282243013381958,-0.6211625337600708,0.5361612439155579,0.27750056982040405,-0.42798590660095215,0.4971427917480469,0.27811506390571594,-0.4403219223022461,0.5219564437866211,0.34780219197273254,-0.5538157820701599,0.5075857043266296,0.3458291292190552,-0.5599406957626343,0.5886461734771729,0.43064019083976746,-0.263868510723114,0.4407576620578766,0.4298967123031616,-0.2673695981502533,0.6023814082145691,0.685998797416687,-0.179708331823349,0.4185691773891449,0.6875985264778137,-0.20324473083019257,0.6042526960372925,0.909582257270813,-0.3590085208415985,0.4036208987236023,0.9089455604553223,-0.37616223096847534,0.6089426279067993,0.97377610206604,-0.41904935240745544,0.39560776948928833,0.971724808216095,-0.42722970247268677,0.5909706950187683,0.9791329503059387,-0.4722537398338318,0.41279155015945435,0.9696791172027588,-0.49302345514297485,0.5849148631095886,0.9545338153839111,-0.3832445740699768,0.4225642681121826,0.949442982673645,-0.40530315041542053,0.5436545014381409,0.8827921748161316,-0.004510943777859211,0.46824517846107483,0.889246940612793,0.0049893297255039215,0.5505119562149048,1.2297323942184448,-0.07355506718158722,0.4544675350189209,1.2114983797073364,-0.02920231781899929,0.5532002449035645,1.5097105503082275,0.26717227697372437,0.4599551558494568,1.50697660446167,0.20504358410835266,0.5521352887153625,1.5453848838806152,0.28978756070137024,0.46006327867507935,1.5466351509094238,0.22014832496643066,0.5462635159492493,1.609544038772583,0.09280499815940857,0.47012805938720703,1.5992799997329712,-0.006114217918366194,cabeca_baixa
0.49894800782203674,0.3360944390296936,-0.6721541285514832,0.5097600817680359,0.29956284165382385,-0.6602159142494202,0.5164924263954163,0.2973499298095703,-0.6602473258972168,0.5223034024238586,0.29515448212623596,-0.6603344678878784,0.49089938402175903,0.29816868901252747,-0.6627565622329712,0.4856186807155609,0.2955116331577301,-0.6628434062004089,0.479792982339859,0.2929280996322632,-0.6630094647407532,0.5306708216667175,0.28888848423957825,-0.4779449999332428,0.473897784948349,0.2873198091983795,-0.48875752091407776,0.5090906023979187,0.359319269657135,-0.5946668386459351,0.4879816472530365,0.3586924374103546,-0.5978289842605591,0.5852549076080322,0.4392635226249695,-0.29879698157310486,0.4237906336784363,0.4391748309135437,-0.32399171590805054,0.6000253558158875,0.6925223469734192,-0.1857897788286209,0.40774983167648315,0.6915268898010254,-0.25263646245002747,0.6012678742408752,0.9055956602096558,-0.34912383556365967,0.39680060744285583,0.901516318321228,-0.42453280091285706,0.604993999004364,0.9680079817771912,-0.40544599294662476,0.38788914680480957,0.9657845497131348,-0.4781345725059509,0.5898909568786621,0.9712678790092468,-0.4609861373901367,0.4011046886444092,0.9671650528907776,-0.5385442972183228,0.5857985019683838,0.950231671333313,-0.3735056221485138,0.4079960882663727,0.9467086791992188,-0.45054197311401367,0.5512110590934753,0.8801779747009277,0.0012867867480963469,0.4513188898563385,0.8806542158126831,-0.0008565507014282048,0.5402998924255371,1.223585605621338,-0.0796041265130043,0.4414183497428894,1.2013601064682007,0.00032024187385104597,0.5417462587356567,1.4860907793045044,0.2961052656173706,0.4482274651527405,1.481674075126648,0.2999163568019867,0.5404843091964722,1.517950415611267,0.3236483931541443,0.4492065906524658,1.5167709589004517,0.32272738218307495,0.5346428155899048,1.5912864208221436,0.13487392663955688,0.46100282669067383,1.5845121145248413,0.10017013549804688,cabeca_baixa
0.5333644151687622,0.43287840485572815,-0.6001242399215698,0.5368356108665466,0.4005507528781891,-0.5822354555130005,0.5397343635559082,0.3992501199245453,-0.5824483633041382,0.543295681476593,0.3979664146900177,-0.5826134085655212,0.5323230028152466,0.39758941531181335,-0.5809811353683472,0.529473066329956,0.39455753564834595,-0.5811856389045715,0.5258180499076843,0.3919238746166229,-0.5814360976219177,0.5448613166809082,0.39353200793266296,-0.3952210545539856,0.5169586539268494,0.3903498351573944,-0.3897756040096283,0.5349330306053162,0.4571176767349243,-0.5219098329544067,0.5258761644363403,0.453996479511261,-0.5208796262741089,0.6020102500915527,0.542730987071991,-0.27359893918037415,0.46047061681747437,0.5456584692001343,-0.18612968921661377,0.6227805018424988,0.7798358201980591,-0.21135835349559784,0.4356667399406433,0.7843449711799622,-0.12792840600013733,0.6403853893280029,0.9837478399276733,-0.3729371428489685,0.40658265352249146,0.9804714918136597,-0.288981169462204,0.6510344743728638,1.043289065361023,-0.42133569717407227,0.38946837186813354,1.0388052463531494,-0.3233712315559387,0.6492749452590942,1.0458769798278809,-0.46893399953842163,0.40131980180740356,1.0461403131484985,-0.39297908544540405,0.6370205283164978,1.0247694253921509,-0.39511436223983765,0.4118659496307373,1.0122816562652588,-0.32019227743148804,0.5542693734169006,0.9634345769882202,-0.06416186690330505,0.4877813756465912,0.9758371114730835,0.06454629451036453,0.5651557445526123,1.2413560152053833,-0.14044472575187683,0.47878652811050415,1.2280136346817017,0.02494402416050434,0.5728902220726013,1.5171468257904053,0.12265674024820328,0.4925161898136139,1.5008487701416016,0.21254873275756836,0.577225387096405,1.560586929321289,0.13740643858909607,0.49589958786964417,1.544614315032959,0.2220897227525711,0.5633007884025574,1.5960203409194946,-0.06146489828824997,0.484552800655365,1.5766491889953613,0.006716283969581127,cabeca_baixa
0.5305696725845337,0.4214251935482025,-0.6133178472518921,0.5386204123497009,0.3872517943382263,-0.5942264795303345,0.5427704453468323,0.38600045442581177,-0.5943862199783325,0.5473178625106812,0.3851078152656555,-0.5945090055465698,0.525708019733429,0.386427640914917,-0.5935747027397156,0.5208524465560913,0.384721964597702,-0.5937780141830444,0.5162237882614136,0.3834570646286011,-0.5940452218055725,0.552486777305603,0.39063507318496704,-0.4092468321323395,0.5095812678337097,0.38749033212661743,-0.4046282172203064,0.5371066331863403,0.44955405592918396,-0.538205623626709,0.5192171931266785,0.4466800391674042,-0.5372615456581116,0.6070923805236816,0.557043731212616,-0.2822802662849426,0.4576943516731262,0.5490861535072327,-0.2162080556154251,0.6260818839073181,0.7935546040534973,-0.21576805412769318,0.4307229518890381,0.7775274515151978,-0.15149784088134766,0.645398736000061,0.9962907433509827,-0.38613417744636536,0.3968503773212433,0.9795194864273071,-0.34176620841026306,0.6552826166152954,1.0597198009490967,-0.4324808716773987,0.3788995146751404,1.0302069187164307,-0.3815619945526123,0.6499643921852112,1.0629512071609497,-0.4802547097206116,0.3912721276283264,1.0417736768722534,-0.4510749280452728,0.6403700113296509,1.0300577878952026,-0.4091903269290924,0.400817334651947,1.0091170072555542,-0.37350478768348694,0.5664885640144348,0.9659954309463501,-0.0577407106757164,0.48093876242637634,0.9698610901832581,0.05803651362657547,0.5653786063194275,1.2731480598449707,-0.09009791910648346,0.4682355523109436,1.26792311668396,0.06086680293083191,0.5718802809715271,1.564290165901184,0.16275064647197723,0.47532564401626587,1.564570665359497,0.2430417835712433,0.5760976672172546,1.6073639392852783,0.1747298538684845,0.47829222679138184,1.6107791662216187,0.2517184615135193,0.5572723746299744,1.64730966091156,-0.03894810006022453,0.4705999493598938,1.639046549797058,0.028721919283270836,cabeca_baixa
0.4797447621822357,0.4147965610027313,-0.5068055391311646,0.48207107186317444,0.3756534457206726,-0.519365131855011,0.4870089888572693,0.3717351257801056,-0.5196036696434021,0.49253782629966736,0.3683488667011261,-0.5197897553443909,0.4711724817752838,0.38312238454818726,-0.48227253556251526,0.4678764343261719,0.38395851850509644,-0.4824290871620178,0.46483224630355835,0.3849652111530304,-0.48274582624435425,0.5073884725570679,0.37025001645088196,-0.43980517983436584,0.4684593081474304,0.3904326260089874,-0.2719375193119049,0.4932979941368103,0.4325103759765625,-0.47307348251342773,0.47839006781578064,0.4381609559059143,-0.4227690100669861,0.5895753502845764,0.5315445065498352,-0.38324832916259766,0.4493773877620697,0.565471887588501,-0.060050785541534424,0.6143344044685364,0.8017562627792358,-0.39171022176742554,0.43313074111938477,0.7984893918037415,0.0333692841231823,0.6016632914543152,1.0282156467437744,-0.5022851228713989,0.39868900179862976,0.9641175270080566,-0.16009767353534698,0.6137362122535706,1.1018996238708496,-0.5612503290176392,0.3852982521057129,1.0111143589019775,-0.18697503209114075,0.5950197577476501,1.1122103929519653,-0.595610499382019,0.3860694169998169,1.0152887105941772,-0.25944018363952637,0.5885339975357056,1.0872032642364502,-0.5169675350189209,0.39268115162849426,0.9947651624679565,-0.19551487267017365,0.549036979675293,0.9726743698120117,-0.1131795272231102,0.47028225660324097,0.9642032384872437,0.11363370716571808,0.5484127998352051,1.3083007335662842,-0.19793109595775604,0.4647529721260071,1.2860593795776367,0.08329559862613678,0.5552732348442078,1.597898006439209,0.11868472397327423,0.47121867537498474,1.5844019651412964,0.2970796525478363,0.5619111657142639,1.6403270959854126,0.13628169894218445,0.47487252950668335,1.6329176425933838,0.3089294731616974,0.5355910658836365,1.6829862594604492,-0.1039489284157753,0.4547237455844879,1.663243055343628,0.08813630044460297,cabeca_baixa
0.492872416973114,0.396424263715744,-0.4755818843841553,0.5042904615402222,0.37097877264022827,-0.4492386281490326,0.5116977691650391,0.371876984834671,-0.4494212567806244,0.5189385414123535,0.373055636882782,-0.4494386613368988,0.4868600368499756,0.3715662956237793,-0.44024187326431274,0.4813801348209381,0.37278684973716736,-0.4404086470603943,0.4768911898136139,0.37391138076782227,-0.4406746029853821,0.5317098498344421,0.3949333727359772,-0.28499874472618103,0.47734102606773376,0.3949628472328186,-0.24292543530464172,0.5060455799102783,0.4310885965824127,-0.4156606197357178,0.48380160331726074,0.4296604096889496,-0.4031651020050049,0.5938668847084045,0.6048969030380249,-0.21164095401763916,0.43221697211265564,0.6120869517326355,-0.10625074803829193,0.6098143458366394,0.8425493836402893,-0.20910266041755676,0.4165116846561432,0.838878870010376,-0.04319512099027634,0.6170991659164429,1.0286717414855957,-0.406970351934433,0.39529287815093994,0.9882431626319885,-0.2418922632932663,0.6250132918357849,1.098259687423706,-0.46498069167137146,0.38288694620132446,1.0455621480941772,-0.28762203454971313,0.6137930154800415,1.1009634733200073,-0.5078652501106262,0.3922756314277649,1.0462489128112793,-0.3474128842353821,0.6117843985557556,1.06833016872406,-0.4292116165161133,0.39788153767585754,1.0184321403503418,-0.27192947268486023,0.555624783039093,1.030300259590149,-0.05211116746068001,0.4576655328273773,1.0251715183258057,0.05260251834988594,0.5430086851119995,1.3145909309387207,-0.16670021414756775,0.44988757371902466,1.3007105588912964,-0.027046149596571922,0.5476945042610168,1.6108647584915161,0.12774808704853058,0.4561203122138977,1.6023691892623901,0.18569885194301605,0.5502616167068481,1.6523739099502563,0.14329564571380615,0.4574122428894043,1.6476640701293945,0.19642677903175354,0.5377697944641113,1.6959664821624756,-0.08100532740354538,0.4551951289176941,1.681117057800293,-0.032353293150663376,cabeca_erguida
0.5008252859115601,0.3800288438796997,-0.5090382695198059,0.5026288032531738,0.3547169268131256,-0.47131410241127014,0.5060287714004517,0.3563825488090515,-0.4714593291282654,0.5088928937911987,0.3584848940372467,-0.4715016484260559,0.4869333803653717,0.3501411974430084,-0.5069443583488464,0.4793589115142822,0.3485296964645386,-0.5072053670883179,0.47100630402565,0.34725797176361084,-0.5074918866157532,0.4987494945526123,0.3762363791465759,-0.2446707934141159,0.4487157464027405,0.36075595021247864,-0.4081996977329254,0.5009380578994751,0.41517671942710876,-0.4222286343574524,0.48539456725120544,0.41084709763526917,-0.46889829635620117,0.5217840075492859,0.6095950603485107,-0.029676660895347595,0.3801482617855072,0.5593916773796082,-0.37503594160079956,0.5270377993583679,0.8340193033218384,0.04966620355844498,0.35033801198005676,0.8191611170768738,-0.3851264715194702,0.545219361782074,1.006558895111084,-0.15230970084667206,0.3570607602596283,1.0349501371383667,-0.5138514637947083,0.5512634515762329,1.071768045425415,-0.19139763712882996,0.34976813197135925,1.1016063690185547,-0.5754302740097046,0.5480302572250366,1.0721427202224731,-0.24763008952140808,0.368522047996521,1.0860005617141724,-0.6004914045333862,0.5394634008407593,1.0491602420806885,-0.18376728892326355,0.37231484055519104,1.0586273670196533,-0.5257192850112915,0.49611109495162964,1.0122863054275513,0.0888853371143341,0.407357782125473,1.0057244300842285,-0.08834893256425858,0.49428248405456543,1.294548511505127,0.1032133549451828,0.3977789580821991,1.3076220750808716,-0.07491461932659149,0.4885078966617584,1.5735288858413696,0.3985045254230499,0.39774128794670105,1.5955026149749756,0.1507294476032257,0.4825710356235504,1.6153154373168945,0.4153467118740082,0.3869270384311676,1.6393871307373047,0.16150441765785217,0.5025532841682434,1.6716690063476562,0.23187541961669922,0.42971640825271606,1.688515543937683,-0.06727948784828186,cabeca_erguida
0.49774545431137085,0.32044222950935364,-0.5733279585838318,0.5113203525543213,0.3038915991783142,-0.5433574318885803,0.5176031589508057,0.3065246045589447,-0.543512225151062,0.5241978168487549,0.3100643754005432,-0.5435850024223328,0.4921981692314148,0.3013499081134796,-0.5432435274124146,0.48550134897232056,0.30196377635002136,-0.5434404611587524,0.4796659052371979,0.30318111181259155,-0.5437513589859009,0.5336368680000305,0.3373927175998688,-0.35400062799453735,0.47431421279907227,0.3318016231060028,-0.3519905209541321,0.5111302733421326,0.35585781931877136,-0.5032588243484497,0.48578914999961853,0.3505804240703583,-0.5030493140220642,0.5910632014274597,0.5758844614028931,-0.23527690768241882,0.41520804166793823,0.5659679770469666,-0.2204170674085617,0.6098560094833374,0.8307541012763977,-0.16290494799613953,0.3913079798221588,0.8189617395401001,-0.15103702247142792,0.6212900876998901,1.0397486686706543,-0.3200271725654602,0.3694610297679901,1.02045738697052,-0.3325817584991455,0.6284042596817017,1.114364504814148,-0.368447482585907,0.3579995930194855,1.0917794704437256,-0.3848901391029358,0.6201279759407043,1.111270785331726,-0.4161005914211273,0.3705454170703888,1.0914292335510254,-0.44314879179000854,0.6132788062095642,1.0784746408462524,-0.3438990116119385,0.3784390389919281,1.064384937286377,-0.3613840937614441,0.5539935827255249,1.0052931308746338,-0.027270782738924026,0.4400408864021301,0.9949010014533997,0.027984311804175377,0.539972186088562,1.3511172533035278,-0.031039122492074966,0.42936521768569946,1.332674503326416,0.013104148209095001,0.5378111600875854,1.6520748138427734,0.3143902122974396,0.4306921362876892,1.6449222564697266,0.28105661273002625,0.5378466844558716,1.6982029676437378,0.3349798321723938,0.4294149875640869,1.6950880289077759,0.2978946566581726,0.5263378024101257,1.7495121955871582,0.09700678288936615,0.4416472017765045,1.733648657798767,0.038791440427303314,cabeca_erguida
0.5051008462905884,0.31897714734077454,-0.5114379525184631,0.5160814523696899,0.3076700270175934,-0.4772062301635742,0.5224561095237732,0.31113892793655396,-0.47741299867630005,0.5287570953369141,0.314827561378479,-0.4775124192237854,0.4973018765449524,0.30382126569747925,-0.48010963201522827,0.490756094455719,0.30514243245124817,-0.48025649785995483,0.48465490341186523,0.3071329593658447,-0.4805729389190674,0.5359500646591187,0.3451446294784546,-0.28451940417289734,0.4748712182044983,0.3409992456436157,-0.2960139811038971,0.5168149471282959,0.3520306348800659,-0.44219058752059937,0.49238935112953186,0.34730467200279236,-0.4457090497016907,0.5919799208641052,0.5843915939331055,-0.1807144433259964,0.4159555435180664,0.5683208107948303,-0.18116115033626556,0.6082711219787598,0.8353341221809387,-0.1114886999130249,0.39554962515830994,0.8189379572868347,-0.11783412843942642,0.6217585206031799,1.0359289646148682,-0.2758130431175232,0.3785446286201477,1.0320141315460205,-0.29114440083503723,0.6293042898178101,1.1072356700897217,-0.32066622376441956,0.37069839239120483,1.0925793647766113,-0.3422960638999939,0.6242579221725464,1.1082035303115845,-0.37007761001586914,0.38151001930236816,1.0922383069992065,-0.39941486716270447,0.6135926246643066,1.0800198316574097,-0.30046579241752625,0.38600125908851624,1.0558298826217651,-0.3194977939128876,0.5582597851753235,1.0157437324523926,-0.021294794976711273,0.4435057044029236,1.0047580003738403,0.021989550441503525,0.548262357711792,1.3616937398910522,-0.03725670650601387,0.43820804357528687,1.3530633449554443,0.03368812054395676,0.5484381914138794,1.6648660898208618,0.3201647102832794,0.4405021071434021,1.6644185781478882,0.3069891929626465,0.5496641397476196,1.7111048698425293,0.34255483746528625,0.43893107771873474,1.7155905961990356,0.3242092728614807,0.5368409752845764,1.7634642124176025,0.10661941766738892,0.45245733857154846,1.7534304857254028,0.07158713042736053,cabeca_erguida
0.44523340463638306,0.42763087153434753,-0.5432217121124268,0.45245617628097534,0.38614410161972046,-0.5340884923934937,0.4586983621120453,0.3823513388633728,-0.5343543291091919,0.4653218686580658,0.37933358550071716,-0.5344920754432678,0.43728867173194885,0.39428389072418213,-0.5112325549125671,0.4329325258731842,0.3955781161785126,-0.5111992955207825,0.42870211601257324,0.3967573940753937,-0.5115095376968384,0.4834114909172058,0.3849720060825348,-0.380789577960968,0.4327068328857422,0.40181490778923035,-0.26457518339157104,0.45975789427757263,0.448801726102829,-0.4802013337612152,0.442162424325943,0.45482704043388367,-0.4474741518497467,0.5633622407913208,0.5716952681541443,-0.28094297647476196,0.39628058671951294,0.5866270661354065,-0.07720756530761719,0.5771023631095886,0.8403878211975098,-0.2701967656612396,0.37056097388267517,0.8313602209091187,0.017532069236040115,0.5784064531326294,1.0480515956878662,-0.45183172821998596,0.35316890478134155,1.0090848207473755,-0.21060065925121307,0.5876158475875854,1.125789761543274,-0.5180357694625854,0.34690189361572266,1.0740512609481812,-0.2599850296974182,0.5690582990646362,1.126646876335144,-0.565380334854126,0.3530714213848114,1.0790889263153076,-0.3335834741592407,0.5640906095504761,1.0901155471801758,-0.47570934891700745,0.3576391339302063,1.0468674898147583,-0.24799597263336182,0.5167928338050842,1.0207258462905884,-0.08905438333749771,0.41221994161605835,1.0079095363616943,0.09022148698568344,0.5072917342185974,1.3833504915237427,-0.15231598913669586,0.40925097465515137,1.3661439418792725,0.10826971381902695,0.5047046542167664,1.6981782913208008,0.14936670660972595,0.4053035378456116,1.692830204963684,0.3439297080039978,0.5087240934371948,1.7433054447174072,0.16287003457546234,0.40621885657310486,1.7462913990020752,0.35805121064186096,0.48272109031677246,1.7912111282348633,-0.10485891997814178,0.39736878871917725,1.7752774953842163,0.09161217510700226,cabeca_baixa
0.4941020905971527,0.30361407995224,-0.5614196062088013,0.5025259852409363,0.26809927821159363,-0.5425485372543335,0.5074747204780579,0.26574257016181946,-0.5426619648933411,0.5118750333786011,0.2632967233657837,-0.5427036881446838,0.48811617493629456,0.26942917704582214,-0.5459301471710205,0.48259368538856506,0.26758813858032227,-0.5459228157997131,0.4775102138519287,0.2660408914089203,-0.546092689037323,0.5182583332061768,0.264142245054245,-0.35330116748809814,0.4701097905635834,0.2664981186389923,-0.3674844801425934,0.5023902654647827,0.3296666741371155,-0.48491430282592773,0.4834379255771637,0.3290739357471466,-0.48908060789108276,0.5721989870071411,0.4220486879348755,-0.1924845278263092,0.4223126769065857,0.422542542219162,-0.20909424126148224,0.5925869941711426,0.6674830913543701,-0.0886155515909195,0.3919513523578644,0.6576097011566162,-0.13991272449493408,0.6032750010490417,0.8853550553321838,-0.2984517216682434,0.35499900579452515,0.8578652143478394,-0.33011794090270996,0.6118656396865845,0.9568758010864258,-0.3571661412715912,0.33950409293174744,0.9248993992805481,-0.3842037618160248,0.5939311981201172,0.9605586528778076,-0.4173217713832855,0.34830400347709656,0.9268227219581604,-0.45233234763145447,0.5894275307655334,0.939113974571228,-0.32632875442504883,0.3567795157432556,0.9084494709968567,-0.36115482449531555,0.5368951559066772,0.8792224526405334,0.005942068062722683,0.4404762387275696,0.8704567551612854,-0.00534327607601881,0.5313099026679993,1.2176827192306519,-0.04198082163929939,0.42970043420791626,1.1948789358139038,0.0045534600503742695,0.5305625200271606,1.4763551950454712,0.38308703899383545,0.43522077798843384,1.4744077920913696,0.31738173961639404,0.5298157930374146,1.506878137588501,0.4162777066230774,0.4356958270072937,1.5099629163742065,0.3412938714027405,0.5204300284385681,1.5789958238601685,0.22903504967689514,0.44782549142837524,1.5735950469970703,0.1160113587975502,cabeca_baixa
0.47071409225463867,0.3065464198589325,-0.42163848876953125,0.47310003638267517,0.27087509632110596,-0.42623406648635864,0.47802048921585083,0.2649584710597992,-0.42639756202697754,0.4832943379878998,0.25879544019699097,-0.42647433280944824,0.46228256821632385,0.27945756912231445,-0.39604848623275757,0.45949968695640564,0.2801421582698822,-0.39605921506881714,0.4568881094455719,0.28084251284599304,-0.39622536301612854,0.5025272369384766,0.2511192262172699,-0.3459681272506714,0.4671779274940491,0.27631670236587524,-0.2015335112810135,0.4885324537754059,0.31858277320861816,-0.3858562707901001,0.47568750381469727,0.3277819752693176,-0.34414106607437134,0.5943948030471802,0.40346264839172363,-0.2963046431541443,0.4566117227077484,0.4440345764160156,-0.03117988631129265,0.6099931597709656,0.6742533445358276,-0.29390567541122437,0.4494924545288086,0.6825032830238342,0.10590524971485138,0.5806995034217834,0.9122005701065063,-0.42226219177246094,0.41144856810569763,0.8664227724075317,-0.0413125604391098,0.5836745500564575,0.9834858179092407,-0.4862792491912842,0.3972932994365692,0.932341456413269,-0.06839204579591751,0.560135006904602,0.9837198257446289,-0.5179464817047119,0.3977167308330536,0.9361533522605896,-0.13939692080020905,0.5558331608772278,0.9565229415893555,-0.43457669019699097,0.4045616090297699,0.9166120886802673,-0.07399582117795944,0.5515975952148438,0.8901046514511108,-0.06954671442508698,0.46911701560020447,0.8770603537559509,0.07017482817173004,0.5341935157775879,1.216286063194275,-0.13435322046279907,0.45175036787986755,1.1855883598327637,0.0433686301112175,0.525459349155426,1.4894939661026,0.20614805817604065,0.4492943286895752,1.4757176637649536,0.2616550624370575,0.5284022688865662,1.524892807006836,0.22984060645103455,0.45289164781570435,1.5177290439605713,0.2777542769908905,0.5046380758285522,1.5842573642730713,0.0411524698138237,0.4416424632072449,1.5691660642623901,0.08465059846639633,cabeca_baixa
0.52497398853302,0.31108880043029785,-0.3046542704105377,0.5316051244735718,0.2841576039791107,-0.2798307538032532,0.5329865217208862,0.28444451093673706,-0.27978724241256714,0.5342232584953308,0.28450286388397217,-0.2797446846961975,0.5237107276916504,0.27493801712989807,-0.32283052802085876,0.5190085172653198,0.2679083049297333,-0.3229147791862488,0.5136128067970276,0.2598443627357483,-0.3230319321155548,0.5219656229019165,0.2781282663345337,-0.12010705471038818,0.48978033661842346,0.24257294833660126,-0.3198776841163635,0.5162966847419739,0.3334174156188965,-0.240057110786438,0.5067688226699829,0.32524073123931885,-0.29757949709892273,0.5068524479866028,0.43443992733955383,0.048002999275922775,0.39571839570999146,0.3827689588069916,-0.34470993280410767,0.5130215883255005,0.6802395582199097,0.1394796520471573,0.35421866178512573,0.6518391370773315,-0.3899877071380615,0.5416607856750488,0.8782072067260742,0.027143776416778564,0.36507177352905273,0.893703043460846,-0.46094807982444763,0.5583831071853638,0.9453489780426025,0.002120302990078926,0.359310507774353,0.9667493104934692,-0.5074432492256165,0.5557805299758911,0.9507347345352173,-0.04891433194279671,0.38131073117256165,0.9724791646003723,-0.5247682332992554,0.5484235286712646,0.9298480749130249,0.0015053646638989449,0.3877789378166199,0.9486973285675049,-0.46515893936157227,0.4981366693973541,0.8885692954063416,0.1152402013540268,0.423130601644516,0.8882612586021423,-0.11486013978719711,0.5071442723274231,1.22531259059906,0.12951374053955078,0.4200993478298187,1.245745301246643,-0.09553393721580505,0.5037914514541626,1.4994840621948242,0.3738475739955902,0.41763734817504883,1.531861424446106,0.054940950125455856,0.49422526359558105,1.5417894124984741,0.3888242542743683,0.4027944505214691,1.5716826915740967,0.06182660534977913,0.537948727607727,1.604769229888916,0.2691117823123932,0.4634930193424225,1.6389358043670654,-0.1328107863664627,cabeca_baixa
0.49646681547164917,0.2821210026741028,-0.5496842861175537,0.4983254373073578,0.24569204449653625,-0.530931293964386,0.5002917051315308,0.24386882781982422,-0.5310342311859131,0.5030047297477722,0.24257349967956543,-0.5311431288719177,0.4962882995605469,0.2455464005470276,-0.5318959951400757,0.49410462379455566,0.24367694556713104,-0.5318916440010071,0.49139970541000366,0.2424328625202179,-0.5320891737937927,0.5061735510826111,0.2455316185951233,-0.3418124318122864,0.48625844717025757,0.24593311548233032,-0.34427782893180847,0.4984361529350281,0.30434858798980713,-0.4725744128227234,0.492636114358902,0.3029974699020386,-0.4737665057182312,0.5704815983772278,0.4072076976299286,-0.18587270379066467,0.4269474148750305,0.4119384288787842,-0.1823403686285019,0.5904053449630737,0.6623200178146362,-0.11529985815286636,0.39668911695480347,0.664458155632019,-0.10730999708175659,0.6043958067893982,0.8924506902694702,-0.3266717493534088,0.35980647802352905,0.8816209435462952,-0.29151153564453125,0.6170212030410767,0.9586577415466309,-0.3712153136730194,0.34039410948753357,0.952086329460144,-0.34281453490257263,0.6001571416854858,0.9619142413139343,-0.4226602613925934,0.35504022240638733,0.9547653794288635,-0.40948113799095154,0.5933756232261658,0.9399877190589905,-0.3467705547809601,0.36468705534935,0.933032214641571,-0.3214952051639557,0.5364373922348022,0.8858678340911865,-0.015962544828653336,0.45092207193374634,0.8805781602859497,0.016597114503383636,0.5344310402870178,1.2213035821914673,-0.08955942094326019,0.4379102289676666,1.2052258253097534,-0.023276029154658318,0.5365734696388245,1.4987784624099731,0.3276843726634979,0.4420441687107086,1.5001200437545776,0.2749871015548706,0.5373801589012146,1.5335420370101929,0.3601319193840027,0.4426111578941345,1.5386292934417725,0.2990759611129761,0.5257235765457153,1.5947272777557373,0.17183393239974976,0.44805675745010376,1.5881571769714355,0.07961732149124146,cabeca_baixa
0.48737257719039917,0.2082301825284958,-0.5424937009811401,0.49738797545433044,0.17553822696208954,-0.5125423669815063,0.5040196776390076,0.17677006125450134,-0.51261967420578,0.5091599225997925,0.17845405638217926,-0.5126169919967651,0.4787396490573883,0.17293913662433624,-0.518896758556366,0.47182902693748474,0.1726396530866623,-0.5189149975776672,0.4647674560546875,0.17256072163581848,-0.5190725922584534,0.5156899094581604,0.1966225504875183,-0.3182605504989624,0.45325008034706116,0.18583694100379944,-0.3510165810585022,0.494678795337677,0.24578049778938293,-0.46985283493995667,0.4734579622745514,0.24367278814315796,-0.4786081314086914,0.5680827498435974,0.41236424446105957,-0.18585500121116638,0.39929208159446716,0.4040928781032562,-0.2389177531003952,0.583126425743103,0.674680769443512,-0.08826520293951035,0.3793793022632599,0.6669656038284302,-0.1948244422674179,0.5869709253311157,0.9124026894569397,-0.27908632159233093,0.35193923115730286,0.900908887386322,-0.37532177567481995,0.5988333821296692,0.9787334203720093,-0.33960363268852234,0.3373922109603882,0.970272421836853,-0.43085822463035583,0.5807944536209106,0.9829577207565308,-0.3934028148651123,0.352813720703125,0.9734706282615662,-0.49326905608177185,0.5751083493232727,0.9607078433036804,-0.30391377210617065,0.35991209745407104,0.9519543051719666,-0.4029490053653717,0.533973217010498,0.8923516273498535,0.013442029245197773,0.42498406767845154,0.8893303871154785,-0.01285090483725071,0.5265746712684631,1.2532373666763306,0.0011199223808944225,0.42321667075157166,1.241221308708191,0.017195580527186394,0.5287377834320068,1.5316811800003052,0.4295876920223236,0.4295113980770111,1.5322445631027222,0.32735806703567505,0.5282213091850281,1.5706546306610107,0.4622677266597748,0.42872682213783264,1.5717527866363525,0.35025453567504883,0.5227306485176086,1.6364442110061646,0.2684805989265442,0.4449891149997711,1.6386958360671997,0.1196671724319458,cabeca_erguida
0.4846777319908142,0.18316729366779327,-0.5653489232063293,0.4962175786495209,0.15870080888271332,-0.5332285165786743,0.5019527673721313,0.16066260635852814,-0.5332697629928589,0.5086203217506409,0.1625714898109436,-0.5332534909248352,0.4757631719112396,0.154946967959404,-0.5376073122024536,0.46774157881736755,0.1553763449192047,-0.537643313407898,0.4608607292175293,0.1564950793981552,-0.5378037095069885,0.5158474445343018,0.1815868318080902,-0.33519628643989563,0.4524143636226654,0.17566964030265808,-0.3541213274002075,0.4958253800868988,0.22165949642658234,-0.49244770407676697,0.47155746817588806,0.22029715776443481,-0.4988628029823303,0.5670043230056763,0.410186231136322,-0.20707467198371887,0.39793238043785095,0.3989165425300598,-0.23241189122200012,0.5835698843002319,0.6736354231834412,-0.1146552786231041,0.37510740756988525,0.6629049777984619,-0.1842951625585556,0.5856989026069641,0.9150153398513794,-0.29732340574264526,0.3497009873390198,0.898713231086731,-0.36997589468955994,0.5942798852920532,0.9843806028366089,-0.3560568690299988,0.33459264039993286,0.9726018309593201,-0.42462849617004395,0.5764325857162476,0.9869147539138794,-0.4076158404350281,0.3500601649284363,0.9766480922698975,-0.4864796996116638,0.5715793371200562,0.9622879028320312,-0.32072144746780396,0.3575543165206909,0.9525756239891052,-0.39763563871383667,0.5334163308143616,0.8923773765563965,0.000574712990783155,0.42133188247680664,0.8898947238922119,1.3272145224618725e-05,0.5280309915542603,1.2601078748703003,-0.03400399535894394,0.4223369061946869,1.2517787218093872,0.05016292259097099,0.5340936779975891,1.5480709075927734,0.43748459219932556,0.431940495967865,1.5582611560821533,0.4173698425292969,0.5339988470077515,1.5881214141845703,0.47435659170150757,0.4318406581878662,1.6030163764953613,0.44583186507225037,0.5277320146560669,1.6621005535125732,0.26850733160972595,0.4456355571746826,1.6653852462768555,0.20861820876598358,cabeca_erguida
0.4917071759700775,0.21021997928619385,-0.533257782459259,0.5005809664726257,0.17719627916812897,-0.5019001960754395,0.5067583322525024,0.17848274111747742,-0.5019916892051697,0.5128490328788757,0.18032631278038025,-0.5019925832748413,0.4821934103965759,0.17334972321987152,-0.5065982341766357,0.4752499461174011,0.17252525687217712,-0.5066072940826416,0.46756356954574585,0.1725025326013565,-0.5067545175552368,0.5185887217521667,0.1974720060825348,-0.3019317090511322,0.45615726709365845,0.18777728080749512,-0.32585999369621277,0.4994359016418457,0.2476479709148407,-0.45888057351112366,0.47683897614479065,0.24679189920425415,-0.4654579758644104,0.5700737237930298,0.41443192958831787,-0.1698417216539383,0.4010290205478668,0.4013591408729553,-0.21302303671836853,0.5860417485237122,0.6801811456680298,-0.0775834172964096,0.380048930644989,0.6655306220054626,-0.16718712449073792,0.5875893831253052,0.9186891913414001,-0.27015751600265503,0.35327285528182983,0.9006620645523071,-0.35003799200057983,0.5961437225341797,0.9859739542007446,-0.33091720938682556,0.33862027525901794,0.9725605249404907,-0.40565818548202515,0.5788998603820801,0.9890576601028442,-0.38465508818626404,0.3544349670410156,0.9763097167015076,-0.4661857485771179,0.5740966796875,0.9643974900245667,-0.2950654625892639,0.36154061555862427,0.9542351365089417,-0.37703001499176025,0.5360093712806702,0.8962646722793579,0.007652603089809418,0.42549315094947815,0.8942718505859375,-0.007063611410558224,0.5298715233802795,1.2634131908416748,-0.046051982790231705,0.42689165472984314,1.2531821727752686,0.01066352054476738,0.5354986190795898,1.5478086471557617,0.3981036841869354,0.43572092056274414,1.5548096895217896,0.3452344536781311,0.5352656245231628,1.586622953414917,0.4333222508430481,0.4350281357765198,1.596004605293274,0.3709460496902466,0.5290233492851257,1.6568939685821533,0.23406927287578583,0.45117849111557007,1.6602658033370972,0.13217267394065857,cabeca_erguida
0.4864717125892639,0.22858063876628876,-0.5586128234863281,0.4982810914516449,0.1943839192390442,-0.5312703251838684,0.5034465789794922,0.1950852870941162,-0.5313428640365601,0.5090989470481873,0.19570310413837433,-0.5313447117805481,0.4787963330745697,0.19063247740268707,-0.5357077121734619,0.4711395800113678,0.18934479355812073,-0.5356944799423218,0.46464747190475464,0.18847456574440002,-0.5358394384384155,0.5169028043746948,0.20733049511909485,-0.3404410481452942,0.4547197222709656,0.1990492343902588,-0.3615383505821228,0.49610409140586853,0.26237842440605164,-0.48603740334510803,0.47199225425720215,0.2618294954299927,-0.4922589361667633,0.5675106048583984,0.41600143909454346,-0.20677347481250763,0.3985653221607208,0.40156933665275574,-0.23765680193901062,0.5841567516326904,0.6774433851242065,-0.1092231422662735,0.37581753730773926,0.662607729434967,-0.1940014660358429,0.5869401693344116,0.9168717265129089,-0.2858652174472809,0.34998536109924316,0.9016427993774414,-0.36911362409591675,0.5948735475540161,0.9831613302230835,-0.3420090973377228,0.33463364839553833,0.9749661684036255,-0.42158737778663635,0.5776132941246033,0.9859902262687683,-0.3950074315071106,0.3513639569282532,0.979037880897522,-0.4824059009552002,0.5732681155204773,0.962066650390625,-0.3099743723869324,0.3587898015975952,0.9557770490646362,-0.3959308862686157,0.5306994318962097,0.895047664642334,0.0072793797589838505,0.4219281077384949,0.8896592259407043,-0.006687662098556757,0.5187052488327026,1.2573771476745605,-0.04690166562795639,0.4152188301086426,1.242271900177002,0.009483389556407928,0.5208550095558167,1.5404776334762573,0.37816426157951355,0.4229125380516052,1.539030909538269,0.3262953460216522,0.5198652744293213,1.5792714357376099,0.41021090745925903,0.4222756326198578,1.578340768814087,0.35035640001296997,0.5142337679862976,1.6479244232177734,0.21007809042930603,0.43809637427330017,1.6474509239196777,0.11919279396533966,cabeca_erguida
0.4894065260887146,0.27577829360961914,-0.687208354473114,0.49629324674606323,0.23975643515586853,-0.6685124635696411,0.5001829862594604,0.2381497025489807,-0.6685889363288879,0.504193127155304,0.23682823777198792,-0.6686803102493286,0.48432430624961853,0.239607572555542,-0.6718955636024475,0.47936123609542847,0.2379111647605896,-0.6719421148300171,0.47422337532043457,0.23669515550136566,-0.6721175909042358,0.5097579956054688,0.2403600513935089,-0.46879181265830994,0.46450743079185486,0.23957735300064087,-0.4852473735809326,0.49572867155075073,0.3009791374206543,-0.6057450771331787,0.47828054428100586,0.300136536359787,-0.6105141043663025,0.5661036968231201,0.4136016368865967,-0.30569589138031006,0.40953245759010315,0.4108537435531616,-0.3083252012729645,0.5859529972076416,0.676116406917572,-0.2022065669298172,0.3835121989250183,0.6666574478149414,-0.23429188132286072,0.5879830121994019,0.9141508340835571,-0.3866325616836548,0.35440152883529663,0.9027346968650818,-0.4113006591796875,0.5979338884353638,0.9808341860771179,-0.4483681619167328,0.33953142166137695,0.9754486680030823,-0.46412649750709534,0.5779322385787964,0.983668863773346,-0.504924476146698,0.3551879823207855,0.9792321920394897,-0.5337096452713013,0.5727013945579529,0.9596874713897705,-0.41144195199012756,0.36264216899871826,0.9536534547805786,-0.4419560432434082,0.5285265445709229,0.8833449482917786,-0.001514635281637311,0.4334832727909088,0.8830426335334778,0.0020338124595582485,0.527464747428894,1.2404485940933228,-0.024365313351154327,0.4242258667945862,1.22428297996521,0.06235402822494507,0.5339894890785217,1.5124566555023193,0.4196498990058899,0.43647998571395874,1.51228928565979,0.4280582070350647,0.53318852186203,1.5480453968048096,0.45425692200660706,0.43755894899368286,1.548360824584961,0.4574292302131653,0.530083179473877,1.6171514987945557,0.2498742789030075,0.45035380125045776,1.6187264919281006,0.2218749225139618,cabeca_baixa
0.3788079619407654,0.286726176738739,-0.7350677847862244,0.3895456790924072,0.22468145191669464,-0.7227210998535156,0.40107131004333496,0.21935680508613586,-0.7229543924331665,0.4121202528476715,0.21437782049179077,-0.7232226729393005,0.36255472898483276,0.23147176206111908,-0.7117053270339966,0.35347244143486023,0.23097430169582367,-0.7117956280708313,0.3457683026790619,0.2305167019367218,-0.7121552228927612,0.4306437075138092,0.20848239958286285,-0.5313040018081665,0.3406708836555481,0.2295021265745163,-0.46716904640197754,0.4007657468318939,0.3166254758834839,-0.6537389755249023,0.36752089858055115,0.3210924565792084,-0.6361956596374512,0.5260776877403259,0.4612838327884674,-0.37691575288772583,0.30011364817619324,0.4718908667564392,-0.26069360971450806,0.5582932233810425,0.8142618536949158,-0.2995104193687439,0.28363126516342163,0.8071190118789673,-0.15389291942119598,0.570592999458313,1.1014690399169922,-0.449925035238266,0.25314125418663025,1.0573689937591553,-0.37993520498275757,0.5827515721321106,1.1952074766159058,-0.5076566934585571,0.23491224646568298,1.1592059135437012,-0.4288422465324402,0.5564535856246948,1.2133992910385132,-0.5639292001724243,0.24868488311767578,1.1484240293502808,-0.5138388872146606,0.5391453504562378,1.1844596862792969,-0.4759606420993805,0.263153612613678,1.1049586534500122,-0.4199167788028717,0.47840946912765503,1.0554074048995972,-0.07627027481794357,0.3436184227466583,1.019741177558899,0.0771593302488327,0.45887941122055054,1.484918236732483,-0.08796775341033936,0.3188808560371399,1.4735616445541382,0.11018053442239761,0.4600585401058197,1.8902944326400757,0.24510148167610168,0.32387757301330566,1.8839365243911743,0.3434114456176758,0.46667084097862244,1.951974868774414,0.2616119086742401,0.32792210578918457,1.9452067613601685,0.3567212224006653,0.4322732985019684,2.0142579078674316,-0.02476101741194725,0.3248712718486786,2.012065887451172,0.05849342420697212,cabeca_baixa
0.43996819853782654,0.25132617354393005,-0.5388162732124329,0.4580825865268707,0.196399986743927,-0.522358775138855,0.4684269428253174,0.19480358064174652,-0.5224426984786987,0.4784495234489441,0.19247570633888245,-0.522700309753418,0.4259979724884033,0.19096674025058746,-0.5337575078010559,0.4137735366821289,0.18577264249324799,-0.5337504744529724,0.40244072675704956,0.18142352998256683,-0.5339986085891724,0.4905138611793518,0.1925194263458252,-0.3313085734844208,0.3807063102722168,0.175822913646698,-0.3777235150337219,0.45274457335472107,0.29483562707901,-0.4589211940765381,0.4173569679260254,0.28664350509643555,-0.47177791595458984,0.5427852272987366,0.44060075283050537,-0.1906498223543167,0.3040250241756439,0.42331385612487793,-0.2776543200016022,0.5605243444442749,0.7818114161491394,-0.08262239396572113,0.27249088883399963,0.7795729637145996,-0.2278519570827484,0.581189751625061,1.0627950429916382,-0.18494756519794464,0.24644310772418976,1.0745539665222168,-0.36689233779907227,0.5992022752761841,1.1601812839508057,-0.22081539034843445,0.2259848415851593,1.1725796461105347,-0.408272922039032,0.586032509803772,1.1637341976165771,-0.2730039954185486,0.24537618458271027,1.1748183965682983,-0.4719788432121277,0.5757347345352173,1.1136791706085205,-0.21018174290657043,0.25157877802848816,1.1185227632522583,-0.39543837308883667,0.48872193694114685,1.0156527757644653,0.00552529189735651,0.3462541103363037,1.0156160593032837,-0.004798321984708309,0.47628432512283325,1.5069396495819092,0.10345729440450668,0.3303992450237274,1.5050249099731445,0.0675777941942215,0.4752843976020813,1.9142780303955078,0.42003217339515686,0.33487874269485474,1.9117671251296997,0.2898259460926056,0.47697439789772034,1.970380187034607,0.4400637149810791,0.3339376449584961,1.9694446325302124,0.30631449818611145,0.454517662525177,2.0605790615081787,0.21300916373729706,0.35046783089637756,2.0516748428344727,0.03620393946766853,cabeca_baixa
0.5109626054763794,0.27766311168670654,-0.4794771671295166,0.5272863507270813,0.23242051899433136,-0.45805245637893677,0.5325674414634705,0.23251186311244965,-0.4580237865447998,0.5376675724983215,0.23234738409519196,-0.4582515358924866,0.505985677242279,0.21957293152809143,-0.48693808913230896,0.4960726201534271,0.20890717208385468,-0.48692402243614197,0.4845011830329895,0.1963350772857666,-0.48713022470474243,0.5311302542686462,0.2254132181406021,-0.24817028641700745,0.4555155634880066,0.17147232592105865,-0.3796267807483673,0.506719708442688,0.3121327757835388,-0.392612099647522,0.48329877853393555,0.30074042081832886,-0.42933616042137146,0.5390697121620178,0.4403166174888611,-0.06239302083849907,0.32610565423965454,0.3996236026287079,-0.30941590666770935,0.5328673720359802,0.7680426836013794,0.1358504295349121,0.2717089354991913,0.7832841873168945,-0.30993303656578064,0.5596712827682495,1.0007879734039307,0.10832234472036362,0.2601228952407837,1.1162699460983276,-0.44482749700546265,0.5801087021827698,1.083033800125122,0.09988384693861008,0.24228355288505554,1.2156273126602173,-0.48484867811203003,0.5801875591278076,1.0959042310714722,0.04623383283615112,0.26939138770103455,1.2253146171569824,-0.5304338932037354,0.5637422204017639,1.0696133375167847,0.08366705477237701,0.2668072581291199,1.1517080068588257,-0.4628865122795105,0.47681182622909546,1.0275956392288208,0.04945240542292595,0.3498457074165344,1.0310595035552979,-0.048785027116537094,0.4683520197868347,1.516159176826477,0.15771791338920593,0.3339734673500061,1.5237760543823242,0.055829815566539764,0.4573972225189209,1.929408073425293,0.4890650808811188,0.32759493589401245,1.9211888313293457,0.29690688848495483,0.45047569274902344,1.9873219728469849,0.5105136632919312,0.3178248107433319,1.9776575565338135,0.3125362992286682,0.4545270502567291,2.073714256286621,0.3043619394302368,0.3479955792427063,2.058631420135498,0.038132306188344955,cabeca_baixa
0.4980233609676361,0.13905933499336243,-0.4619591236114502,0.5114421248435974,0.09823079407215118,-0.4403305649757385,0.5197209715843201,0.09885596483945847,-0.440407931804657,0.527320146560669,0.09999009221792221,-0.44048815965652466,0.4872454106807709,0.09549053013324738,-0.4438643455505371,0.4778043329715729,0.09475147724151611,-0.4438636898994446,0.4679486155509949,0.09450940787792206,-0.44406047463417053,0.5379384756088257,0.11428167670965195,-0.2723219692707062,0.4539722800254822,0.10824228823184967,-0.287014901638031,0.5093181133270264,0.179676815867424,-0.39737656712532043,0.48034507036209106,0.17866767942905426,-0.4012989103794098,0.5926368236541748,0.35409945249557495,-0.1728837639093399,0.3984898030757904,0.3526080250740051,-0.20020031929016113,0.6142569184303284,0.6537453532218933,-0.09653592854738235,0.3813006281852722,0.660825788974762,-0.17105141282081604,0.6197446584701538,0.9251565933227539,-0.2057770937681198,0.3572836220264435,0.9327502846717834,-0.32170921564102173,0.6330700516700745,1.0100998878479004,-0.250708669424057,0.3476608395576477,1.0173579454421997,-0.36566197872161865,0.6152639389038086,1.0148286819458008,-0.29727569222450256,0.36134636402130127,1.02229642868042,-0.4239855706691742,0.6083774566650391,0.9867663979530334,-0.2269269973039627,0.3682723343372345,0.9916454553604126,-0.3479403257369995,0.5599101781845093,0.9037884473800659,-0.010502297431230545,0.4325989782810211,0.9061241745948792,0.011025258339941502,0.550832986831665,1.3043804168701172,0.011050915345549583,0.43160480260849,1.3038439750671387,0.05592774227261543,0.5531467795372009,1.6571253538131714,0.31819242238998413,0.4384124279022217,1.6582802534103394,0.25815141201019287,0.554872989654541,1.7019777297973633,0.3382134437561035,0.43756288290023804,1.708443522453308,0.2732248902320862,0.5417574048042297,1.7866624593734741,0.15245261788368225,0.4520544111728668,1.7711210250854492,0.048088811337947845,cabeca_erguida
